frame_id,fps,cps
11,8.648407203623847,0.7471282031811831
15,10.587229694094699,2.5430897438819198
27,14.816635834717653,2.377561208789671
39,9.200507629074433,1.6485111001356445
44,9.879451427674917,1.9178157790526915
48,8.9244078736048,2.348771802553019
52,9.604234468781868,2.2772436939213483
77,8.862688104352008,1.1124018581765083
81,9.656671622043756,2.334639645159994
85,9.673815483928024,2.4687798958398983
